-- To assert poperty_type data 
INSERT INTO `property_type` (`service_type`, `property_category`,`property_type`) VALUES ("RENT", "Apartment/Flat", "Apartment");
INSERT INTO `property_type` (`service_type`, `property_category`,`property_type`) VALUES ("RENT", "Apartment/Flat", "Apartment Duplex");
INSERT INTO `property_type` (`service_type`, `property_category`,`property_type`) VALUES ("RENT", "Apartment/Flat", "Flat");
INSERT INTO `property_type` (`service_type`, `property_category`,`property_type`) VALUES ("RENT", "Apartment/Flat", "Service Apartment");
INSERT INTO `property_type` (`service_type`, `property_category`,`property_type`) VALUES ("RENT", "Apartment/Flat", "Other");
INSERT INTO `property_type` (`service_type`, `property_category`,`property_type`) VALUES ("RENT", "Condo/Residence", "Condo");
INSERT INTO `property_type` (`service_type`, `property_category`,`property_type`) VALUES ("RENT", "Condo/Residence", "Duplex");
INSERT INTO `property_type` (`service_type`, `property_category`,`property_type`) VALUES ("RENT", "Condo/Residence", "Penthouse");
INSERT INTO `property_type` (`service_type`, `property_category`,`property_type`) VALUES ("RENT", "Condo/Residence", "Residence");
INSERT INTO `property_type` (`service_type`, `property_category`,`property_type`) VALUES ("RENT", "Condo/Residence", "Serviced Condo");
INSERT INTO `property_type` (`service_type`, `property_category`,`property_type`) VALUES ("RENT", "Condo/Residence", "Serviced Residence");
INSERT INTO `property_type` (`service_type`, `property_category`,`property_type`) VALUES ("RENT", "Condo/Residence", "Soho");
INSERT INTO `property_type` (`service_type`, `property_category`,`property_type`) VALUES ("RENT", "Condo/Residence", "Studio");
INSERT INTO `property_type` (`service_type`, `property_category`,`property_type`) VALUES ("RENT", "Condo/Residence", "Townhouse Condo");
INSERT INTO `property_type` (`service_type`, `property_category`,`property_type`) VALUES ("RENT", "Condo/Residence", "Triplex");
INSERT INTO `property_type` (`service_type`, `property_category`,`property_type`) VALUES ("RENT", "Condo/Residence", "Other");
INSERT INTO `property_type` (`service_type`, `property_category`,`property_type`) VALUES ("RENT", "Semi-D/Banglo", "Bungalow House");
INSERT INTO `property_type` (`service_type`, `property_category`,`property_type`) VALUES ("RENT", "Semi-D/Banglo", "Country House");
INSERT INTO `property_type` (`service_type`, `property_category`,`property_type`) VALUES ("RENT", "Semi-D/Banglo", "Semi-Detached");
INSERT INTO `property_type` (`service_type`, `property_category`,`property_type`) VALUES ("RENT", "Semi-D/Banglo", "Other");
INSERT INTO `property_type` (`service_type`, `property_category`,`property_type`) VALUES ("RENT", "Terrace/Link/Townhouse", "Single Storey");
INSERT INTO `property_type` (`service_type`, `property_category`,`property_type`) VALUES ("RENT", "Terrace/Link/Townhouse", "1.5 Storey");
INSERT INTO `property_type` (`service_type`, `property_category`,`property_type`) VALUES ("RENT", "Terrace/Link/Townhouse", "Double Storey");
INSERT INTO `property_type` (`service_type`, `property_category`,`property_type`) VALUES ("RENT", "Terrace/Link/Townhouse", "2.5 Storey");
INSERT INTO `property_type` (`service_type`, `property_category`,`property_type`) VALUES ("RENT", "Terrace/Link/Townhouse", "Triple Storey");
INSERT INTO `property_type` (`service_type`, `property_category`,`property_type`) VALUES ("RENT", "Terrace/Link/Townhouse", "3.5 Storey");
INSERT INTO `property_type` (`service_type`, `property_category`,`property_type`) VALUES ("RENT", "Terrace/Link/Townhouse", "quadruple Storey");
INSERT INTO `property_type` (`service_type`, `property_category`,`property_type`) VALUES ("RENT", "Terrace/Link/Townhouse", "4.5 Storey");
INSERT INTO `property_type` (`service_type`, `property_category`,`property_type`) VALUES ("RENT", "Terrace/Link/Townhouse", "Other");
INSERT INTO `property_type` (`service_type`, `property_category`,`property_type`) VALUES ("RENT", "Land", "Aqricultural Land");
INSERT INTO `property_type` (`service_type`, `property_category`,`property_type`) VALUES ("RENT", "Land", "Bungalow Land");
INSERT INTO `property_type` (`service_type`, `property_category`,`property_type`) VALUES ("RENT", "Land", "Commercial Land");
INSERT INTO `property_type` (`service_type`, `property_category`,`property_type`) VALUES ("RENT", "Land", "Residential Land");
INSERT INTO `property_type` (`service_type`, `property_category`,`property_type`) VALUES ("RENT", "Land", "Other");
INSERT INTO `property_type` (`service_type`, `property_category`,`property_type`) VALUES ("RENT", "Shop", "Retail Shop");
INSERT INTO `property_type` (`service_type`, `property_category`,`property_type`) VALUES ("RENT", "Shop", "Shop House");
INSERT INTO `property_type` (`service_type`, `property_category`,`property_type`) VALUES ("RENT", "Shop", "Shop Lot");
INSERT INTO `property_type` (`service_type`, `property_category`,`property_type`) VALUES ("RENT", "Shop", "Shopping Mall");
INSERT INTO `property_type` (`service_type`, `property_category`,`property_type`) VALUES ("RENT", "Shop", "Other");
INSERT INTO `property_type` (`service_type`, `property_category`,`property_type`) VALUES ("RENT", "Office", "Office Lot");
INSERT INTO `property_type` (`service_type`, `property_category`,`property_type`) VALUES ("RENT", "Office", "Office Suite");
INSERT INTO `property_type` (`service_type`, `property_category`,`property_type`) VALUES ("RENT", "Office", "Soho Office");
INSERT INTO `property_type` (`service_type`, `property_category`,`property_type`) VALUES ("RENT", "Office", "Shopping mall");
INSERT INTO `property_type` (`service_type`, `property_category`,`property_type`) VALUES ("RENT", "Office", "Other");
INSERT INTO `property_type` (`service_type`, `property_category`,`property_type`) VALUES ("RENT", "Industrial", "Factories");
INSERT INTO `property_type` (`service_type`, `property_category`,`property_type`) VALUES ("RENT", "Industrial", "Light Industrial");
INSERT INTO `property_type` (`service_type`, `property_category`,`property_type`) VALUES ("RENT", "Industrial", "Warehouse");
INSERT INTO `property_type` (`service_type`, `property_category`,`property_type`) VALUES ("RENT", "Industrial", "Other");
INSERT INTO `property_type` (`service_type`, `property_category`,`property_type`) VALUES ("RENT", "Hotel", "Hotel");

INSERT INTO `property_type` (`service_type`, `property_category`,`property_type`) VALUES ("RENT", "Room", "Master");
INSERT INTO `property_type` (`service_type`, `property_category`,`property_type`) VALUES ("RENT", "Room", "Junior Master");
INSERT INTO `property_type` (`service_type`, `property_category`,`property_type`) VALUES ("RENT", "Room", "Big Room");
INSERT INTO `property_type` (`service_type`, `property_category`,`property_type`) VALUES ("RENT", "Room", "Middle Room");
INSERT INTO `property_type` (`service_type`, `property_category`,`property_type`) VALUES ("RENT", "Room", "Small Room");


INSERT INTO `property_type` (`service_type`, `property_category`,`property_type`) VALUES ("SELL", "Apartment/Flat", "Apartment");
INSERT INTO `property_type` (`service_type`, `property_category`,`property_type`) VALUES ("SELL", "Apartment/Flat", "Apartment Duplex");
INSERT INTO `property_type` (`service_type`, `property_category`,`property_type`) VALUES ("SELL", "Apartment/Flat", "Flat");
INSERT INTO `property_type` (`service_type`, `property_category`,`property_type`) VALUES ("SELL", "Apartment/Flat", "Service Apartment");
INSERT INTO `property_type` (`service_type`, `property_category`,`property_type`) VALUES ("SELL", "Apartment/Flat", "Other");
INSERT INTO `property_type` (`service_type`, `property_category`,`property_type`) VALUES ("SELL", "Condo/Residence", "Condo");
INSERT INTO `property_type` (`service_type`, `property_category`,`property_type`) VALUES ("SELL", "Condo/Residence", "Duplex");
INSERT INTO `property_type` (`service_type`, `property_category`,`property_type`) VALUES ("SELL", "Condo/Residence", "Penthouse");
INSERT INTO `property_type` (`service_type`, `property_category`,`property_type`) VALUES ("SELL", "Condo/Residence", "Residence");
INSERT INTO `property_type` (`service_type`, `property_category`,`property_type`) VALUES ("SELL", "Condo/Residence", "Serviced Condo");
INSERT INTO `property_type` (`service_type`, `property_category`,`property_type`) VALUES ("SELL", "Condo/Residence", "Serviced Residence");
INSERT INTO `property_type` (`service_type`, `property_category`,`property_type`) VALUES ("SELL", "Condo/Residence", "Soho");
INSERT INTO `property_type` (`service_type`, `property_category`,`property_type`) VALUES ("SELL", "Condo/Residence", "Studio");
INSERT INTO `property_type` (`service_type`, `property_category`,`property_type`) VALUES ("SELL", "Condo/Residence", "Townhouse Condo");
INSERT INTO `property_type` (`service_type`, `property_category`,`property_type`) VALUES ("SELL", "Condo/Residence", "Triplex");
INSERT INTO `property_type` (`service_type`, `property_category`,`property_type`) VALUES ("SELL", "Condo/Residence", "Other");
INSERT INTO `property_type` (`service_type`, `property_category`,`property_type`) VALUES ("SELL", "Semi-D/Banglo", "Bungalow House");
INSERT INTO `property_type` (`service_type`, `property_category`,`property_type`) VALUES ("SELL", "Semi-D/Banglo", "Country House");
INSERT INTO `property_type` (`service_type`, `property_category`,`property_type`) VALUES ("SELL", "Semi-D/Banglo", "Semi-Detached");
INSERT INTO `property_type` (`service_type`, `property_category`,`property_type`) VALUES ("SELL", "Semi-D/Banglo", "Other");
INSERT INTO `property_type` (`service_type`, `property_category`,`property_type`) VALUES ("SELL", "Terrace/Link/Townhouse", "Single Storey");
INSERT INTO `property_type` (`service_type`, `property_category`,`property_type`) VALUES ("SELL", "Terrace/Link/Townhouse", "1.5 Storey");
INSERT INTO `property_type` (`service_type`, `property_category`,`property_type`) VALUES ("SELL", "Terrace/Link/Townhouse", "Double Storey");
INSERT INTO `property_type` (`service_type`, `property_category`,`property_type`) VALUES ("SELL", "Terrace/Link/Townhouse", "2.5 Storey");
INSERT INTO `property_type` (`service_type`, `property_category`,`property_type`) VALUES ("SELL", "Terrace/Link/Townhouse", "Triple Storey");
INSERT INTO `property_type` (`service_type`, `property_category`,`property_type`) VALUES ("SELL", "Terrace/Link/Townhouse", "3.5 Storey");
INSERT INTO `property_type` (`service_type`, `property_category`,`property_type`) VALUES ("SELL", "Terrace/Link/Townhouse", "quadruple Storey");
INSERT INTO `property_type` (`service_type`, `property_category`,`property_type`) VALUES ("SELL", "Terrace/Link/Townhouse", "4.5 Storey");
INSERT INTO `property_type` (`service_type`, `property_category`,`property_type`) VALUES ("SELL", "Terrace/Link/Townhouse", "Other");
INSERT INTO `property_type` (`service_type`, `property_category`,`property_type`) VALUES ("SELL", "Land", "Aqricultural Land");
INSERT INTO `property_type` (`service_type`, `property_category`,`property_type`) VALUES ("SELL", "Land", "Bungalow Land");
INSERT INTO `property_type` (`service_type`, `property_category`,`property_type`) VALUES ("SELL", "Land", "Commercial Land");
INSERT INTO `property_type` (`service_type`, `property_category`,`property_type`) VALUES ("SELL", "Land", "Residential Land");
INSERT INTO `property_type` (`service_type`, `property_category`,`property_type`) VALUES ("SELL", "Land", "Other");
INSERT INTO `property_type` (`service_type`, `property_category`,`property_type`) VALUES ("SELL", "Shop", "Retail Shop");
INSERT INTO `property_type` (`service_type`, `property_category`,`property_type`) VALUES ("SELL", "Shop", "Shop House");
INSERT INTO `property_type` (`service_type`, `property_category`,`property_type`) VALUES ("SELL", "Shop", "Shop Lot");
INSERT INTO `property_type` (`service_type`, `property_category`,`property_type`) VALUES ("SELL", "Shop", "Shopping Mall");
INSERT INTO `property_type` (`service_type`, `property_category`,`property_type`) VALUES ("SELL", "Shop", "Other");
INSERT INTO `property_type` (`service_type`, `property_category`,`property_type`) VALUES ("SELL", "Office", "Office Lot");
INSERT INTO `property_type` (`service_type`, `property_category`,`property_type`) VALUES ("SELL", "Office", "Office Suite");
INSERT INTO `property_type` (`service_type`, `property_category`,`property_type`) VALUES ("SELL", "Office", "Soho Office");
INSERT INTO `property_type` (`service_type`, `property_category`,`property_type`) VALUES ("SELL", "Office", "Shopping mall");
INSERT INTO `property_type` (`service_type`, `property_category`,`property_type`) VALUES ("SELL", "Office", "Other");
INSERT INTO `property_type` (`service_type`, `property_category`,`property_type`) VALUES ("SELL", "Industrial", "Factories");
INSERT INTO `property_type` (`service_type`, `property_category`,`property_type`) VALUES ("SELL", "Industrial", "Light Industrial");
INSERT INTO `property_type` (`service_type`, `property_category`,`property_type`) VALUES ("SELL", "Industrial", "Warehouse");
INSERT INTO `property_type` (`service_type`, `property_category`,`property_type`) VALUES ("SELL", "Industrial", "Other");
INSERT INTO `property_type` (`service_type`, `property_category`,`property_type`) VALUES ("SELL", "Hotel", "Hotel");


-- To assert tenure data 
INSERT INTO `tenure` (`tenure`) VALUES ("Freehold");
INSERT INTO `tenure` (`tenure`) VALUES ("Leasehold");

-- To assert land_title_type data 
INSERT INTO `land_title_type` (`land_title_type`) VALUES ("Residential");
INSERT INTO `land_title_type` (`land_title_type`) VALUES ("Commercial");

-- To assert reserve_type data 
INSERT INTO `reserve_type` (`reserve_type`) VALUES ("NONE BUMI LOT");
INSERT INTO `reserve_type` (`reserve_type`) VALUES ("BUMI LOT");

-- To assert facilities data
INSERT INTO `facilities` (`name`) VALUES ("BBQ");
INSERT INTO `facilities` (`name`) VALUES ("JOGGING");
INSERT INTO `facilities` (`name`) VALUES ("PARKING");
INSERT INTO `facilities` (`name`) VALUES ("PLAYGROUND");
INSERT INTO `facilities` (`name`) VALUES ("SQUASH");
INSERT INTO `facilities` (`name`) VALUES ("TENNIS");
INSERT INTO `facilities` (`name`) VALUES ("BusinessCenter");
INSERT INTO `facilities` (`name`) VALUES ("GYM");
INSERT INTO `facilities` (`name`) VALUES ("MINIMART");
INSERT INTO `facilities` (`name`) VALUES ("SALON");
INSERT INTO `facilities` (`name`) VALUES ("SECURITY");
INSERT INTO `facilities` (`name`) VALUES ("SWIMMING");
INSERT INTO `facilities` (`name`) VALUES ("CAFE");
INSERT INTO `facilities` (`name`) VALUES ("CLUB");
INSERT INTO `facilities` (`name`) VALUES ("JACUZZI");
INSERT INTO `facilities` (`name`) VALUES ("LIBRARY");
INSERT INTO `facilities` (`name`) VALUES ("NURSERY");
INSERT INTO `facilities` (`name`) VALUES ("SAUNA");

-- To assert reference key data
INSERT INTO `properties_ref` (`category`,`prefix`,`number`) VALUES ("SELL", "RSP-SL-", 1);
INSERT INTO `properties_ref` (`category`,`prefix`,`number`) VALUES ("RENT", "RSP-RT-", 1);
INSERT INTO `properties_ref` (`category`,`prefix`,`number`) VALUES ("ROOM", "RSP-RM-", 1);

-- To assert furnished_type data
INSERT INTO `furnished_type` (`furnished_type`) VALUES ("Fully");
INSERT INTO `furnished_type` (`furnished_type`) VALUES ("Partially");
INSERT INTO `furnished_type` (`furnished_type`) VALUES ("No");